System,Exc_TZ,TZ_correlation,QZ_correlation,CTZ_correlation,delta_Riemann_QZ_to_CBS,Exc_comp,Ex_TZ
001,-20.65222324,-0.62461847,-0.71026418,-0.74399182,-0.078301933,-20.93554423,-19.98736755
002,-29.18123394,-0.85470837,-0.97903978,-1.03266228,-0.113670489,-29.59718975,-28.26095331
003,-17.48402031,-0.54877624,-0.63096408,-0.67346519,-0.075140562,-17.76603766,-16.8941228
004,-10.24104418,-0.3371921,-0.36936882,-0.40105586,-0.029417695,-10.36650236,-9.88680497
005,-2.719474379,-0.05095531,-0.06719593,-0.08958674,-0.014848052,-2.789194481,-2.667707417
006,-23.59383919,-0.58799211,-0.71192544,-0.75419926,-0.113306543,-23.99728621,-23.01274036
007,-14.25862336,-0.37032293,-0.43047815,-0.45539021,-0.054997151,-14.45884301,-13.87672502
008,-35.1060981,-0.85845258,-1.05138878,-1.062799,-0.176392693,-35.67977341,-34.21901292
009,-4.247746025,-0.11064055,-0.12827914,-0.14785782,-0.016126152,-4.318728037,-4.123405126
010,-5.07568348,-0.14893084,-0.1684188,-0.17978731,-0.017816945,-5.143844855,-4.92222483
011,-25.08923947,-0.62473942,-0.7512477,-0.78898572,-0.115660701,-25.49565475,-24.44109804
012,-11.36453937,-0.36463226,-0.41046572,-0.43741315,-0.041903424,-11.52505714,-10.98285746
013,-22.12987771,-0.62787501,-0.7229535,-0.76047685,-0.08692589,-22.44448393,-21.46126772
014,-12.16299451,-0.39870111,-0.44392592,-0.46994333,-0.041346964,-12.3208085,-11.74338898
015,-22.9280506,-0.67379452,-0.73442802,-0.79591697,-0.05543442,-23.16624097,-22.22247718
016,-12.95775875,-0.43794705,-0.47964534,-0.50463497,-0.038122829,-13.10426779,-12.49996874
017,-46.70395734,-1.15849814,-1.39280435,-1.41005174,-0.21421539,-47.40403254,-45.47492588
018,-26.75661093,-0.69458173,-0.83036916,-0.86547128,-0.124144201,-27.18743211,-26.02793721
019,-13.24939605,-0.42212709,-0.47075181,-0.50605987,-0.044455345,-13.42640889,-12.80481755
020,-16.80226978,-0.47714733,-0.5441102,-0.56940421,-0.061221072,-17.0227106,-16.30730782
021,-14.0561867,-0.46107278,-0.50745495,-0.54265579,-0.042405085,-14.22655696,-13.57605497
022,-6.83030841,-0.23613774,-0.25787327,-0.26967977,-0.019871795,-6.905457765,-6.58634828
023,-13.71571476,-0.40216859,-0.45952578,-0.48462685,-0.052439041,-13.90796925,-13.3018359
024,-22.24870912,-0.58868204,-0.70133796,-0.72795076,-0.102996126,-22.60362989,-21.58902817
025,-22.95702675,-0.69323916,-0.78450106,-0.82047626,-0.083436557,-23.25896231,-22.21611206
026,-21.45976276,-0.67228361,-0.75194404,-0.79176309,-0.072829867,-21.73173254,-20.75488142
027,-20.50429243,-0.57052803,-0.65610485,-0.66817826,-0.07823895,-20.76575843,-19.91601373
028,-34.46735991,-0.86873654,-1.03957782,-1.07281235,-0.156192324,-34.99846932,-33.52728309
029,-31.26297752,-0.79884975,-0.95022962,-1.01729474,-0.138399652,-31.77120203,-30.40567899
030,-23.05151872,-0.66449812,-0.76248144,-0.81503692,-0.089581643,-23.38962248,-22.33609301
031,-28.32278682,-0.80887412,-0.94327236,-1.02164823,-0.122874129,-28.7928333,-27.45484788
032,-0.70011809,-0.0394214,-0.0403899,-0.0394214,-0.000885455,-0.701972045,-0.660424236
033,-14.52979836,-0.4370063,-0.4935185,-0.52530416,-0.051666505,-14.72627493,-14.0685092
034,-9.23449909,-0.28812944,-0.32406727,-0.33016664,-0.032856305,-9.345330425,-8.94378802
035,-21.32196013,-0.58437867,-0.6864624,-0.73476903,-0.093330459,-21.66776468,-20.69551778
036,-12.44778515,-0.38707636,-0.43799034,-0.46245116,-0.04654831,-12.62062224,-12.04416154
037,-20.91885294,-0.60490733,-0.69257644,-0.73757777,-0.080151835,-21.21934432,-20.2306092
038,-24.49934864,-0.6556206,-0.76645482,-0.8078518,-0.101330629,-24.86374469,-23.79361781
039,-10.71344032,-0.29373869,-0.33800418,-0.3419841,-0.040469901,-10.84642112,-10.41546781
040,-12.44305482,-0.37893168,-0.42941507,-0.45454285,-0.046154641,-12.61530402,-12.04725158
041,-20.97708923,-0.58518396,-0.67303774,-0.70149528,-0.08032067,-21.261575,-20.32299272
042,-20.72454906,-0.60184941,-0.71836291,-0.7476142,-0.106522934,-21.09335028,-20.03018443
043,-15.55866082,-0.47270649,-0.53705106,-0.56557702,-0.058827281,-15.7747032,-15.05899934
044,-20.94280621,-0.59942663,-0.69722691,-0.73382534,-0.089414297,-21.2644195,-20.30112427
045,-19.07180294,-0.54402046,-0.62236771,-0.64415527,-0.071629287,-19.32191429,-18.50590178
046,-20.88659953,-0.60819248,-0.69434961,-0.73612995,-0.078769501,-21.17946363,-20.23271206
047,-17.63496231,-0.5407894,-0.61468432,-0.62983941,-0.067558726,-17.86546597,-17.07388266
048,-19.86370639,-0.57336683,-0.63400699,-0.70702935,-0.055440509,-20.11344958,-19.22993852
049,-15.33645943,-0.47818874,-0.53375391,-0.56501728,-0.050800679,-15.52965382,-14.83934578
050,-13.53689158,-0.41882497,-0.47524049,-0.50023826,-0.051578115,-13.72629851,-13.10813215
051,-15.14186379,-0.4936464,-0.5523977,-0.57499274,-0.053713611,-15.33567504,-14.62961213
052,-21.97784609,-0.60933947,-0.72571118,-0.74979176,-0.106393302,-22.34106339,-21.27579815
053,-24.16577543,-0.71654935,-0.84531293,-0.88926354,-0.117722618,-24.58497582,-23.40110785
054,-7.94259163,-0.26670743,-0.29620378,-0.30493302,-0.026967156,-8.037280726,-7.670128
055,-20.67552109,-0.63226669,-0.71560676,-0.76105241,-0.076193993,-20.96384087,-20.00592042
056,-19.83698478,-0.60860385,-0.69212287,-0.73837035,-0.076357598,-20.1266279,-19.18590727
057,-19.08695907,-0.63749432,-0.70417445,-0.74696514,-0.060962576,-19.3240726,-18.41705927
058,-18.29117443,-0.59377825,-0.66849165,-0.71601346,-0.068307025,-18.55643007,-17.66164083
059,-17.49224767,-0.55413202,-0.63639913,-0.66875718,-0.075213035,-17.76435297,-16.9057341
060,-26.78831246,-0.82157702,-0.91384752,-0.99407203,-0.084358674,-27.13743664,-25.91105357
061,-18.58628088,-0.56955305,-0.65485097,-0.68907545,-0.077983965,-18.86908516,-17.98563237
062,-23.92124453,-0.72970858,-0.84709278,-0.89744709,-0.107318975,-24.31368621,-23.14300063
063,-13.07959459,-0.42992005,-0.4699057,-0.50855986,-0.036557041,-13.23477709,-12.63314532
064,-26.54324321,-0.83029174,-0.93876432,-1.02294788,-0.09917149,-26.94354342,-25.6553071
065,-34.46464994,-1.08683865,-1.2360268,-1.3193269,-0.136395863,-34.9827222,-33.26492098
066,-3.530779354,-0.08575666,-0.10397633,-0.12182732,-0.016657406,-3.60172709,-3.443450389
067,-11.2828243,-0.32729668,-0.38172308,-0.40829576,-0.049759554,-11.46800933,-10.93947137
068,-34.96518651,-1.01817653,-1.15242919,-1.25211299,-0.122741032,-35.45611666,-33.87804614
069,-30.69450447,-0.86630603,-0.97098,-1.0678734,-0.095698596,-31.09644441,-29.79272631
070,-31.57407656,-0.89550613,-1.03738173,-1.08220792,-0.129710335,-32.03236429,-30.60716621
071,-19.70260622,-0.60017669,-0.68553233,-0.72217548,-0.078036736,-19.98799739,-19.06595256
072,-24.47104638,-0.80905426,-0.89482995,-0.93893131,-0.078420768,-24.76511989,-23.61591779
073,-29.07186542,-0.93388494,-1.06155879,-1.15211559,-0.116726328,-29.53449625,-28.06492306
074,-18.33366936,-0.59607843,-0.66594533,-0.71870891,-0.063876093,-18.59004283,-17.70445924
075,-21.44336642,-0.67105053,-0.74808149,-0.79734178,-0.070425864,-21.71711449,-20.73521405
076,-29.95213375,-0.91034024,-1.02288874,-1.08098364,-0.102897917,-30.33822357,-28.99640085
077,-36.708236,-0.92322783,-1.11987932,-1.15306529,-0.179789412,-37.31451436,-35.73268954
078,-21.78394797,-0.64383549,-0.72756657,-0.78028923,-0.076551475,-22.08068427,-21.09092492
079,-31.4179601,-0.93671615,-1.08112221,-1.14912217,-0.132023818,-31.906796,-30.38601053
080,-36.39557972,-1.06740649,-1.20767594,-1.27398224,-0.128241906,-36.87066683,-35.24977328
081,-1.063366811,-0.0393145,-0.04100719,-0.0393145,-0.001547549,-1.06660705,-1.023967098
082,-16.38972884,-0.51382847,-0.57601594,-0.60564494,-0.056855143,-16.60058792,-15.85763847
083,-7.36264,-0.22273243,-0.2441217,-0.29264995,-0.019555226,-7.473502016,-7.13036441
084,-2.190094755,-0.05007246,-0.05554091,-0.07773347,-0.004999552,-2.228223768,-2.138779186
085,-34.11789706,-0.93719727,-1.07045643,-1.14642295,-0.12183272,-34.58221462,-33.05474882
086,-12.27425194,-0.35143366,-0.39880489,-0.44986131,-0.043309337,-12.46336016,-11.91900283
087,-29.14944739,-0.84884523,-0.94948085,-1.03678171,-0.092006518,-29.53002601,-28.23272323
088,-12.37294729,-0.28353157,-0.33356587,-0.33631411,-0.045744059,-12.52150819,-12.08760803
089,-32.50986515,-0.90436213,-1.0508338,-1.1051924,-0.133912311,-32.9910794,-31.47404045
090,-37.58773668,-0.96481104,-1.15833776,-1.163506,-0.176932578,-38.15689094,-36.54589415
091,-30.17939594,-0.87360371,-0.98950794,-1.06978655,-0.105965906,-30.59744892,-29.19157224
092,-14.82807711,-0.44484813,-0.50344261,-0.52909907,-0.053570238,-15.02449277,-14.37007387
093,-35.52328643,-1.08894046,-1.2337453,-1.33375508,-0.132388405,-36.04529429,-34.31584033
094,-30.1773477,-0.92888832,-1.05490053,-1.13261177,-0.115207167,-30.62229053,-29.1536438
095,-26.87521462,-0.82917397,-0.93424551,-0.99180144,-0.096062076,-27.23897571,-26.00488505
096,-45.22391706,-1.16694586,-1.35200888,-1.42212859,-0.169194607,-45.83335742,-43.98548402
097,-26.29992245,-0.85770894,-0.93637714,-1.00768737,-0.071922717,-26.6004918,-25.39117017
098,-23.47196982,-0.74852955,-0.82551182,-0.88546707,-0.070381348,-23.75627096,-22.68681516
099,-29.03919323,-0.85556312,-0.96958812,-1.03070868,-0.104247813,-29.4326116,-28.11363713
100,-18.55597552,-0.5712252,-0.59709447,-0.65861298,-0.023651084,-18.69288365,-17.96729929